Tiempo,Posicion
0.000000,1.000000
0.100000,2.000000
0.200000,3.000000
0.300000,4.000000
0.400000,5.000000
